{"ChunkIndex":4,"ChunkObstaclesData":[{"Scale":{"X":2.0,"Y":2.0,"Z":2.0},"LocalRotation":{"X":0.0,"Y":0.0,"Z":-0.9588442,"W":0.283933073},"LocalPosition":{"X":-5.60024548,"Y":2.39986134,"Z":0.0},"ObstacleId":0},{"Scale":{"X":1.99999928,"Y":1.99999928,"Z":2.0},"LocalRotation":{"X":0.0,"Y":0.0,"Z":-0.436323822,"W":0.8997897},"LocalPosition":{"X":0.468571752,"Y":1.11403489,"Z":0.0},"ObstacleId":4}]}