{"ChunkIndex":2,"ChunkObstaclesData":[{"Scale":{"X":2.0,"Y":2.0,"Z":2.0},"LocalRotation":{"X":0.0,"Y":0.0,"Z":-0.591282547,"W":0.8064645},"LocalPosition":{"X":1.56574106,"Y":9.629973,"Z":0.0},"ObstacleId":0},{"Scale":{"X":1.99999928,"Y":1.99999928,"Z":2.0},"LocalRotation":{"X":0.0,"Y":0.0,"Z":-0.80929786,"W":0.5873986},"LocalPosition":{"X":1.91000128,"Y":6.680004,"Z":0.0},"ObstacleId":0}]}