{"ChunkIndex":5,"ChunkObstaclesData":[{"Scale":{"X":2.0,"Y":2.0,"Z":2.0},"LocalRotation":{"X":0.0,"Y":0.0,"Z":-0.4404911,"W":0.897757053},"LocalPosition":{"X":-2.83642888,"Y":-1.04606366,"Z":0.0},"ObstacleId":0},{"Scale":{"X":1.99999928,"Y":1.99999928,"Z":2.0},"LocalRotation":{"X":0.0,"Y":0.0,"Z":0.366504878,"W":0.9304162},"LocalPosition":{"X":-2.05636358,"Y":5.108568,"Z":0.0},"ObstacleId":4}]}